<?xml version="1.0" encoding="UTF-8"?>
<GenRun Id="impl_1" LaunchPart="xc7s15ftgb196-1" LaunchTime="1596252516">
  <File Type="BITSTR-BMM" Name="IOT_DEMO_bd.bmm"/>
  <File Type="OPT-METHODOLOGY-DRC" Name="IOT_DEMO_methodology_drc_opted.rpt"/>
  <File Type="INIT-TIMING" Name="IOT_DEMO_timing_summary_init.rpt"/>
  <File Type="ROUTE-PWR" Name="IOT_DEMO_power_routed.rpt"/>
  <File Type="PA-TCL" Name="IOT_DEMO.tcl"/>
  <File Type="OPT-TIMING" Name="IOT_DEMO_timing_summary_opted.rpt"/>
  <File Type="OPT-DCP" Name="IOT_DEMO_opt.dcp"/>
  <File Type="ROUTE-PWR-SUM" Name="IOT_DEMO_power_summary_routed.pb"/>
  <File Type="REPORTS-TCL" Name="IOT_DEMO_reports.tcl"/>
  <File Type="OPT-DRC" Name="IOT_DEMO_drc_opted.rpt"/>
  <File Type="OPT-HWDEF" Name="IOT_DEMO.hwdef"/>
  <File Type="PWROPT-DCP" Name="IOT_DEMO_pwropt.dcp"/>
  <File Type="PWROPT-DRC" Name="IOT_DEMO_drc_pwropted.rpt"/>
  <File Type="PWROPT-TIMING" Name="IOT_DEMO_timing_summary_pwropted.rpt"/>
  <File Type="PLACE-DCP" Name="IOT_DEMO_placed.dcp"/>
  <File Type="PLACE-IO" Name="IOT_DEMO_io_placed.rpt"/>
  <File Type="PLACE-CLK" Name="IOT_DEMO_clock_utilization_placed.rpt"/>
  <File Type="PLACE-UTIL" Name="IOT_DEMO_utilization_placed.rpt"/>
  <File Type="PLACE-UTIL-PB" Name="IOT_DEMO_utilization_placed.pb"/>
  <File Type="PLACE-CTRL" Name="IOT_DEMO_control_sets_placed.rpt"/>
  <File Type="PLACE-SIMILARITY" Name="IOT_DEMO_incremental_reuse_placed.rpt"/>
  <File Type="PLACE-PRE-SIMILARITY" Name="IOT_DEMO_incremental_reuse_pre_placed.rpt"/>
  <File Type="BG-BGN" Name="IOT_DEMO.bgn"/>
  <File Type="PLACE-TIMING" Name="IOT_DEMO_timing_summary_placed.rpt"/>
  <File Type="POSTPLACE-PWROPT-DCP" Name="IOT_DEMO_postplace_pwropt.dcp"/>
  <File Type="BG-BIN" Name="IOT_DEMO.bin"/>
  <File Type="POSTPLACE-PWROPT-TIMING" Name="IOT_DEMO_timing_summary_postplace_pwropted.rpt"/>
  <File Type="PHYSOPT-DCP" Name="IOT_DEMO_physopt.dcp"/>
  <File Type="PHYSOPT-DRC" Name="IOT_DEMO_drc_physopted.rpt"/>
  <File Type="BITSTR-MSK" Name="IOT_DEMO.msk"/>
  <File Type="PHYSOPT-TIMING" Name="IOT_DEMO_timing_summary_physopted.rpt"/>
  <File Type="ROUTE-ERROR-DCP" Name="IOT_DEMO_routed_error.dcp"/>
  <File Type="ROUTE-DCP" Name="IOT_DEMO_routed.dcp"/>
  <File Type="ROUTE-BLACKBOX-DCP" Name="IOT_DEMO_routed_bb.dcp"/>
  <File Type="ROUTE-DRC" Name="IOT_DEMO_drc_routed.rpt"/>
  <File Type="ROUTE-DRC-PB" Name="IOT_DEMO_drc_routed.pb"/>
  <File Type="BITSTR-LTX" Name="debug_nets.ltx"/>
  <File Type="BITSTR-LTX" Name="IOT_DEMO.ltx"/>
  <File Type="ROUTE-DRC-RPX" Name="IOT_DEMO_drc_routed.rpx"/>
  <File Type="BITSTR-MMI" Name="IOT_DEMO.mmi"/>
  <File Type="ROUTE-METHODOLOGY-DRC" Name="IOT_DEMO_methodology_drc_routed.rpt"/>
  <File Type="ROUTE-METHODOLOGY-DRC-RPX" Name="IOT_DEMO_methodology_drc_routed.rpx"/>
  <File Type="BITSTR-SYSDEF" Name="IOT_DEMO.sysdef"/>
  <File Type="ROUTE-METHODOLOGY-DRC-PB" Name="IOT_DEMO_methodology_drc_routed.pb"/>
  <File Type="ROUTE-PWR-RPX" Name="IOT_DEMO_power_routed.rpx"/>
  <File Type="ROUTE-STATUS" Name="IOT_DEMO_route_status.rpt"/>
  <File Type="ROUTE-STATUS-PB" Name="IOT_DEMO_route_status.pb"/>
  <File Type="ROUTE-TIMINGSUMMARY" Name="IOT_DEMO_timing_summary_routed.rpt"/>
  <File Type="ROUTE-TIMING-PB" Name="IOT_DEMO_timing_summary_routed.pb"/>
  <File Type="ROUTE-TIMING-RPX" Name="IOT_DEMO_timing_summary_routed.rpx"/>
  <File Type="ROUTE-SIMILARITY" Name="IOT_DEMO_incremental_reuse_routed.rpt"/>
  <File Type="ROUTE-CLK" Name="IOT_DEMO_clock_utilization_routed.rpt"/>
  <File Type="ROUTE-BUS-SKEW" Name="IOT_DEMO_bus_skew_routed.rpt"/>
  <File Type="ROUTE-BUS-SKEW-PB" Name="IOT_DEMO_bus_skew_routed.pb"/>
  <File Type="ROUTE-BUS-SKEW-RPX" Name="IOT_DEMO_bus_skew_routed.rpx"/>
  <File Type="POSTROUTE-PHYSOPT-DCP" Name="IOT_DEMO_postroute_physopt.dcp"/>
  <File Type="POSTROUTE-PHYSOPT-BLACKBOX-DCP" Name="IOT_DEMO_postroute_physopt_bb.dcp"/>
  <File Type="POSTROUTE-PHYSOPT-TIMING" Name="IOT_DEMO_timing_summary_postroute_physopted.rpt"/>
  <File Type="POSTROUTE-PHYSOPT-TIMING-PB" Name="IOT_DEMO_timing_summary_postroute_physopted.pb"/>
  <File Type="POSTROUTE-PHYSOPT-TIMING-RPX" Name="IOT_DEMO_timing_summary_postroute_physopted.rpx"/>
  <File Type="POSTROUTE-PHYSOPT-BUS-SKEW" Name="IOT_DEMO_bus_skew_postroute_physopted.rpt"/>
  <File Type="POSTROUTE-PHYSOPT-BUS-SKEW-PB" Name="IOT_DEMO_bus_skew_postroute_physopted.pb"/>
  <File Type="BG-BIT" Name="IOT_DEMO.bit"/>
  <File Type="POSTROUTE-PHYSOPT-BUS-SKEW-RPX" Name="IOT_DEMO_bus_skew_postroute_physopted.rpx"/>
  <File Type="BITSTR-RBT" Name="IOT_DEMO.rbt"/>
  <File Type="BITSTR-NKY" Name="IOT_DEMO.nky"/>
  <File Type="BG-DRC" Name="IOT_DEMO.drc"/>
  <File Type="RDI-RDI" Name="IOT_DEMO.vdi"/>
  <File Type="WBT-USG" Name="usage_statistics_webtalk.html"/>
  <FileSet Name="sources" Type="DesignSrcs" RelSrcDir="$PSRCDIR/sources_1">
    <Filter Type="Srcs"/>
    <File Path="$PSRCDIR/sources_1/new/Driver_Gyro.v">
      <FileInfo>
        <Attr Name="UsedIn" Val="synthesis"/>
        <Attr Name="UsedIn" Val="implementation"/>
        <Attr Name="UsedIn" Val="simulation"/>
      </FileInfo>
    </File>
    <File Path="$PSRCDIR/sources_1/new/Driver_IIC.v">
      <FileInfo>
        <Attr Name="UsedIn" Val="synthesis"/>
        <Attr Name="UsedIn" Val="implementation"/>
        <Attr Name="UsedIn" Val="simulation"/>
      </FileInfo>
    </File>
    <File Path="$PSRCDIR/sources_1/new/Gyro2ram.v">
      <FileInfo>
        <Attr Name="UsedIn" Val="synthesis"/>
        <Attr Name="UsedIn" Val="implementation"/>
        <Attr Name="UsedIn" Val="simulation"/>
      </FileInfo>
    </File>
    <File Path="$PSRCDIR/sources_1/new/qspi_slave.v">
      <FileInfo>
        <Attr Name="UsedIn" Val="synthesis"/>
        <Attr Name="UsedIn" Val="implementation"/>
        <Attr Name="UsedIn" Val="simulation"/>
      </FileInfo>
    </File>
    <File Path="$PSRCDIR/sources_1/new/IOT_DEMO.v">
      <FileInfo>
        <Attr Name="UsedIn" Val="synthesis"/>
        <Attr Name="UsedIn" Val="implementation"/>
        <Attr Name="UsedIn" Val="simulation"/>
      </FileInfo>
    </File>
    <File Path="$PSRCDIR/sources_1/new/CLK_DIVISION.v">
      <FileInfo>
        <Attr Name="AutoDisabled" Val="1"/>
        <Attr Name="UsedIn" Val="synthesis"/>
        <Attr Name="UsedIn" Val="implementation"/>
        <Attr Name="UsedIn" Val="simulation"/>
      </FileInfo>
    </File>
    <File Path="$PSRCDIR/sources_1/new/Trigger_Write_1.v">
      <FileInfo>
        <Attr Name="AutoDisabled" Val="1"/>
        <Attr Name="UsedIn" Val="synthesis"/>
        <Attr Name="UsedIn" Val="implementation"/>
        <Attr Name="UsedIn" Val="simulation"/>
      </FileInfo>
    </File>
    <File Path="$PSRCDIR/sources_1/new/clk_division_1.v">
      <FileInfo>
        <Attr Name="AutoDisabled" Val="1"/>
        <Attr Name="UsedIn" Val="synthesis"/>
        <Attr Name="UsedIn" Val="implementation"/>
        <Attr Name="UsedIn" Val="simulation"/>
      </FileInfo>
    </File>
    <Config>
      <Option Name="DesignMode" Val="RTL"/>
      <Option Name="TopModule" Val="IOT_DEMO"/>
      <Option Name="TopAutoSet" Val="TRUE"/>
    </Config>
  </FileSet>
  <FileSet Name="constrs_in" Type="Constrs" RelSrcDir="$PSRCDIR/constrs_1">
    <Filter Type="Constrs"/>
    <File Path="$PSRCDIR/constrs_1/new/system.xdc">
      <FileInfo>
        <Attr Name="UsedIn" Val="synthesis"/>
        <Attr Name="UsedIn" Val="implementation"/>
      </FileInfo>
    </File>
    <Config>
      <Option Name="ConstrsType" Val="XDC"/>
    </Config>
  </FileSet>
  <FileSet Name="utils" Type="Utils" RelSrcDir="$PSRCDIR/utils_1">
    <Filter Type="Utils"/>
    <Config>
      <Option Name="TopAutoSet" Val="TRUE"/>
    </Config>
  </FileSet>
  <Strategy Version="1" Minor="2">
    <StratHandle Name="Vivado Implementation Defaults" Flow="Vivado Implementation 2018"/>
    <Step Id="init_design"/>
    <Step Id="opt_design"/>
    <Step Id="power_opt_design"/>
    <Step Id="place_design"/>
    <Step Id="post_place_power_opt_design"/>
    <Step Id="phys_opt_design"/>
    <Step Id="route_design"/>
    <Step Id="post_route_phys_opt_design"/>
    <Step Id="write_bitstream"/>
  </Strategy>
  <BlockFileSet Type="BlockSrcs" Name="clk_wiz_0"/>
  <BlockFileSet Type="BlockSrcs" Name="blk_mem_gen_0"/>
</GenRun>
