<?xml version="1.0"?>
<Runs Version="1" Minor="0">
	<Run Id="blk_mem_gen_0_synth_1" LaunchDir="D:/project_for_vivado/IOT_DEMO/IOT_DEMO/IOT_DEMO.runs/blk_mem_gen_0_synth_1" FlowId="Vivado_Synthesis" FromStepId="vivado" ToStepId="vivado"/>
	<Run Id="synth_1" LaunchDir="D:/project_for_vivado/IOT_DEMO/IOT_DEMO/IOT_DEMO.runs/synth_1" FlowId="Vivado_Synthesis" FromStepId="vivado" ToStepId="vivado">
		<Parent Id="blk_mem_gen_0_synth_1"/>
	</Run>
	<Run Id="impl_1" LaunchDir="D:/project_for_vivado/IOT_DEMO/IOT_DEMO/IOT_DEMO.runs/impl_1" FlowId="Vivado_Implementation" FromStepId="init_design" ToStepId="route_design">
		<Parent Id="synth_1"/>
		<Parent Id="blk_mem_gen_0_synth_1"/>
	</Run>
	<Parameters>
		<Parameter Name="runs.monitorLSFJobs" Val="true" Type="bool"/>
	</Parameters>
</Runs>

